empid,first_name,last_name,email,gender,country
1,Aurelea,Crummie,acrummie0@parallels.com,Female,United States
2,Berrie,McElvogue,bmcelvogue1@dedecms.com,Female,United States
3,Scotty,Darkott,sdarkott2@mac.com,Male,United States
4,Joan,Devons,jdevons3@mail.ru,Female,United States
5,Nolan,Savage,nsavage4@altervista.org,Male,United States
6,Hastings,Campanelli,hcampanelli5@usnews.com,Male,United States
7,Skyler,Boame,sboame6@behance.net,Male,United States
8,Nap,Jarlmann,njarlmann7@princeton.edu,Male,United States
9,Alyosha,Ferreras,aferreras8@list-manage.com,Genderfluid,United States
10,Pip,Baty,pbaty9@sun.com,Male,South Korea
11,Claresta,Naerup,cnaerupa@deviantart.com,Female,United Kingdom
12,Beniamino,Broyd,bbroydb@chicagotribune.com,Genderqueer,United States
13,Rance,Thornthwaite,rthornthwaitec@live.com,Male,United States
14,Goldie,Van der Spohr,gvanderspohrd@state.gov,Bigender,United States
15,Dunc,Detoile,ddetoilee@samsung.com,Male,United States
16,Ethelyn,Hubbard,ehubbardf@japanpost.jp,Female,South Korea
17,Ciel,Guyton,cguytong@weibo.com,Female,United States
18,Stepha,Offa,soffah@newsvine.com,Female,South Korea
19,Roy,Goley,rgoleyi@addtoany.com,Genderqueer,United Kingdom
20,Kelbee,Rubertelli,krubertellij@slashdot.org,Genderfluid,United States
21,Phyllis,Durnford,pdurnfordk@baidu.com,Female,United States
22,Harriot,Olivia,holivial@baidu.com,Female,Saudi Arabia
23,Pall,Thorald,pthoraldm@dropbox.com,Male,United States
24,Enos,Hugonet,ehugonetn@issuu.com,Agender,Saudi Arabia
25,Allianora,Brannigan,abrannigano@washington.edu,Female,United States
26,Annie,Darey,adareyp@51.la,Female,South Korea
27,Deane,Bourne,dbourneq@skype.com,Male,South Korea
28,Xavier,Timoney,xtimoneyr@gizmodo.com,Male,United States
29,Mollie,Dunbobin,mdunbobins@house.gov,Agender,United States
30,Lonee,Alpe,lalpet@goodreads.com,Female,United Kingdom
31,Edsel,Pickrell,epickrellu@wisc.edu,Male,United States
32,Franny,Lillford,flillfordv@google.ru,Female,United States
33,Foss,Haresnape,fharesnapew@hostgator.com,Male,United States
34,Jasmine,Hayller,jhayllerx@eepurl.com,Female,United States
35,Vitia,Pestricke,vpestrickey@nps.gov,Female,Italy
36,Caldwell,Sammon,csammonz@home.pl,Male,United States
37,Jacquie,Arundel,jarundel10@engadget.com,Female,United States
38,Harri,Eastwood,heastwood11@vk.com,Female,United Kingdom
39,Charmian,Aisbett,caisbett12@youku.com,Female,South Korea
40,Dale,Jobbing,djobbing13@pen.io,Female,United States
41,Elita,Pinar,epinar14@nature.com,Female,United States
42,Cynthea,Heare,cheare15@sphinn.com,Female,United States
43,Beniamino,Vallintine,bvallintine16@skype.com,Male,United Arab Emirates
44,Rog,Stapels,rstapels17@t.co,Male,United States
45,Ariana,Duckels,aduckels18@artisteer.com,Female,United States
46,Neysa,Skylett,nskylett19@hibu.com,Female,United Kingdom
47,Charles,Beswell,cbeswell1a@symantec.com,Male,United States
48,Simon,Cubin,scubin1b@washington.edu,Male,United States
49,Erminia,Oran,eoran1c@tamu.edu,Female,United States
50,Michele,Syseland,msyseland1d@howstuffworks.com,Male,United Kingdom
51,Quentin,Bohlens,qbohlens1e@blogs.com,Female,United States
52,Matias,Collerd,mcollerd1f@dailymail.co.uk,Male,United Kingdom
53,Aloysia,Guilliland,aguilliland1g@purevolume.com,Female,United States
54,Felic,Leisman,fleisman1h@arizona.edu,Bigender,United States
55,Zarla,Ghidelli,zghidelli1i@t-online.de,Female,United States
56,Lena,Ferney,lferney1j@taobao.com,Female,Saudi Arabia
57,Gwenneth,Paolicchi,gpaolicchi1k@ebay.com,Female,United States
58,Aindrea,Staniford,astaniford1l@google.ru,Female,United Kingdom
59,Ransom,Timcke,rtimcke1m@nature.com,Male,United States
60,Ivy,Brushneen,ibrushneen1n@accuweather.com,Female,United States
61,Kira,Flag,kflag1o@scientificamerican.com,Female,United States
62,Fredelia,Yurevich,fyurevich1p@usda.gov,Female,United States
63,Brandy,Lacelett,blacelett1q@google.co.uk,Female,United States
64,Feliks,Deacock,fdeacock1r@webmd.com,Male,United States
65,Uriah,Jeppensen,ujeppensen1s@tmall.com,Male,United States
66,Felice,Merrill,fmerrill1t@feedburner.com,Male,Italy
67,Cooper,Thrush,cthrush1u@cdc.gov,Male,United Arab Emirates
68,Ulberto,Frankton,ufrankton1v@google.cn,Male,Saudi Arabia
69,Ernesto,Lopez,elopez1w@omniture.com,Male,United States
70,Virgilio,Belli,vbelli1x@privacy.gov.au,Male,United States
71,Cy,Walas,cwalas1y@flickr.com,Male,United States
72,Zora,Milton,zmilton1z@army.mil,Female,United States
73,Harrie,Dallow,hdallow20@is.gd,Female,United States
74,Ashlin,McLese,amclese21@yellowbook.com,Male,Italy
75,Barnabas,Rielly,brielly22@reddit.com,Male,United States
76,Philippa,Penhall,ppenhall23@joomla.org,Female,United States
77,Saxon,O'Henecan,sohenecan24@princeton.edu,Male,United States
78,Gizela,Simioni,gsimioni25@cnbc.com,Non-binary,United States
79,Fara,Oatley,foatley26@gravatar.com,Female,South Korea
80,Maiga,Dict,mdict27@rambler.ru,Genderfluid,United States
81,Friederike,Emmatt,femmatt28@arstechnica.com,Female,United States
82,Kassandra,Fauguel,kfauguel29@baidu.com,Female,United States
83,Katha,Larham,klarham2a@netvibes.com,Female,United States
84,Dell,Pennrington,dpennrington2b@unesco.org,Female,United States
85,Godfry,Crombie,gcrombie2c@bigcartel.com,Male,United States
86,Hamlin,Mainstone,hmainstone2d@indiegogo.com,Bigender,United States
87,Miriam,Durant,mdurant2e@nyu.edu,Female,United States
88,Karina,Chooter,kchooter2f@opensource.org,Female,United States
89,Florence,Spataro,fspataro2g@homestead.com,Female,United States
90,Meier,Kenworthey,mkenworthey2h@loc.gov,Male,United States
91,Fania,Walczak,fwalczak2i@zdnet.com,Female,United States
92,Petra,Dunbar,pdunbar2j@ifeng.com,Agender,United States
93,Even,Itzkov,eitzkov2k@etsy.com,Male,United States
94,Randie,Fidler,rfidler2l@merriam-webster.com,Male,United States
95,Krystalle,Eborall,keborall2m@prweb.com,Female,United States
96,Kippar,Mouland,kmouland2n@twitter.com,Genderfluid,United States
97,Zelig,Oakenfull,zoakenfull2o@shinystat.com,Male,Italy
98,Brigg,Girvin,bgirvin2p@mapy.cz,Polygender,United States
99,Winna,Flew,wflew2q@rambler.ru,Female,United Kingdom
100,Libby,Kindle,lkindle2r@ebay.com,Genderqueer,United Kingdom
101,Vally,Jaksic,vjaksic2s@eventbrite.com,Female,United States
102,Brockie,Braithwaite,bbraithwaite2t@tuttocitta.it,Agender,United States
103,Beck,Crady,bcrady2u@acquirethisname.com,Agender,United States
104,Caren,Giovanitti,cgiovanitti2v@vistaprint.com,Female,United States
105,Giulia,Lawranson,glawranson2w@is.gd,Female,United States
106,Mandel,Rapper,mrapper2x@indiegogo.com,Agender,United Kingdom
107,Lombard,Sarjant,lsarjant2y@ucoz.com,Male,United States
108,Alaster,Kanzler,akanzler2z@princeton.edu,Male,United States
109,Trstram,Grishkov,tgrishkov30@nymag.com,Polygender,United States
110,Ginni,Basten,gbasten31@wp.com,Genderfluid,United States
111,Elle,Trenam,etrenam32@vk.com,Female,United States
112,Magda,Chawkley,mchawkley33@hexun.com,Female,United States
113,Moishe,Hailes,mhailes34@mail.ru,Male,United States
114,Olenolin,Kirtley,okirtley35@discovery.com,Male,United States
115,Kirsteni,Norval,knorval36@clickbank.net,Bigender,United States
116,Tricia,Walford,twalford37@blogs.com,Genderqueer,United States
117,Aindrea,Gianasi,agianasi38@alibaba.com,Female,United States
118,Dov,Shurville,dshurville39@bbb.org,Male,South Korea
119,Keri,Angove,kangove3a@sogou.com,Female,United States
120,Brooks,Bendall,bbendall3b@wiley.com,Male,United States
121,Berta,Goodlud,bgoodlud3c@businesswire.com,Female,South Korea
122,Janka,Guirard,jguirard3d@vkontakte.ru,Female,Saudi Arabia
123,Drugi,Stoakes,dstoakes3e@intel.com,Male,Italy
124,Maye,Poluzzi,mpoluzzi3f@php.net,Female,United Kingdom
125,Erinn,Danielis,edanielis3g@guardian.co.uk,Agender,United Kingdom
126,Cissy,Abrahami,cabrahami3h@cloudflare.com,Female,Saudi Arabia
127,Winnie,Axup,waxup3i@sciencedirect.com,Male,United States
128,Delores,Rawes,drawes3j@yellowpages.com,Polygender,United Kingdom
129,Sydelle,Coffelt,scoffelt3k@google.com,Female,United States
130,Gerda,Kincla,gkincla3l@wufoo.com,Female,South Korea
131,Candi,Staddon,cstaddon3m@usatoday.com,Female,United States
132,Tuck,Wickardt,twickardt3n@mac.com,Male,United States
133,Virgil,Benediktovich,vbenediktovich3o@sun.com,Male,Saudi Arabia
134,Dorita,Holdall,dholdall3p@gravatar.com,Female,United States
135,Trumaine,Muscroft,tmuscroft3q@umn.edu,Male,United States
136,Eldon,Naisby,enaisby3r@linkedin.com,Male,United States
137,Cornelle,Scandred,cscandred3s@slate.com,Female,Saudi Arabia
138,Hailey,Soigne,hsoigne3t@gizmodo.com,Male,United States
139,Alex,Cozzi,acozzi3u@diigo.com,Male,United States
140,Chrotoem,Shearme,cshearme3v@arizona.edu,Male,United States
141,Duffie,Rubinsohn,drubinsohn3w@cam.ac.uk,Male,United States
142,Jed,O'Kerin,jokerin3x@archive.org,Male,United States
143,Chloe,Scarlon,cscarlon3y@usa.gov,Female,United States
144,Dmitri,Mordan,dmordan3z@furl.net,Male,United States
145,Annelise,Mc Giffin,amcgiffin40@about.com,Agender,Saudi Arabia
146,Brittney,Cluatt,bcluatt41@hexun.com,Female,United States
147,Loralie,Tuhy,ltuhy42@newyorker.com,Female,United States
148,Ammamaria,Harston,aharston43@histats.com,Female,United States
149,Darin,Ambrogi,dambrogi44@webnode.com,Male,United States
150,Alistair,Struan,astruan45@sfgate.com,Male,United States
151,Lynelle,Grellis,lgrellis46@weather.com,Female,South Korea
152,Jeana,Brownsmith,jbrownsmith47@deliciousdays.com,Female,United States
153,Josephina,Devall,jdevall48@google.co.jp,Female,United States
154,Rudy,Storre,rstorre49@prweb.com,Male,South Korea
155,Kissee,Ringrose,kringrose4a@youtu.be,Female,United States
156,Roanne,Jzak,rjzak4b@diigo.com,Female,United States
157,Ceciley,McTeague,cmcteague4c@bandcamp.com,Female,United States
158,Sherill,Fardon,sfardon4d@jimdo.com,Female,United States
159,Grissel,Shadrack,gshadrack4e@bandcamp.com,Female,United States
160,Adrienne,Mingotti,amingotti4f@columbia.edu,Female,United States
161,Julita,Hamlen,jhamlen4g@ucsd.edu,Polygender,United States
162,Buddie,Gulliman,bgulliman4h@nasa.gov,Male,United States
163,Francis,Moscone,fmoscone4i@so-net.ne.jp,Male,United States
164,Jeanna,Slimon,jslimon4j@marriott.com,Female,United States
165,Verine,Jouaneton,vjouaneton4k@samsung.com,Female,United States
166,Merv,Kerford,mkerford4l@netscape.com,Bigender,South Korea
167,Denys,Haskett,dhaskett4m@goo.ne.jp,Female,South Korea
168,Bianka,Marioneau,bmarioneau4n@bizjournals.com,Female,United States
169,Chilton,Tousey,ctousey4o@google.ca,Polygender,United States
170,Minne,Boodle,mboodle4p@deliciousdays.com,Female,United States
171,Doug,Jakoub,djakoub4q@dagondesign.com,Male,United States
172,Nevile,Richemond,nrichemond4r@mozilla.com,Male,Saudi Arabia
173,Roobbie,Lamey,rlamey4s@house.gov,Female,United States
174,Corene,Aupol,caupol4t@columbia.edu,Female,United States
175,Saxe,Wimsett,swimsett4u@bluehost.com,Male,United States
176,Dewain,Turmell,dturmell4v@symantec.com,Male,United States
177,Eamon,Lodevick,elodevick4w@telegraph.co.uk,Male,United States
178,George,Ostick,gostick4x@dedecms.com,Male,United States
179,Maximilian,Latus,mlatus4y@eventbrite.com,Male,United States
180,Gallagher,Speed,gspeed4z@cyberchimps.com,Male,South Korea
181,Antonella,Beney,abeney50@dedecms.com,Female,United States
182,Nady,Kleinhaut,nkleinhaut51@icq.com,Female,United States
183,Grady,Coolson,gcoolson52@miitbeian.gov.cn,Male,United Kingdom
184,Hailee,Shawdforth,hshawdforth53@comcast.net,Female,United States
185,Rozanne,Ladson,rladson54@walmart.com,Female,United States
186,Kermit,Starbuck,kstarbuck55@twitter.com,Male,Saudi Arabia
187,Antone,Trent,atrent56@cnet.com,Male,United States
188,Dominik,Kerford,dkerford57@ucoz.ru,Male,United States
189,Solomon,Bramelt,sbramelt58@myspace.com,Male,United States
190,Genevra,Sconce,gsconce59@a8.net,Female,United States
191,Howey,Clemente,hclemente5a@google.co.uk,Male,United States
192,Vasilis,Lissemore,vlissemore5b@deviantart.com,Male,Italy
193,Roldan,Frise,rfrise5c@telegraph.co.uk,Male,United States
194,Cody,Saiz,csaiz5d@reuters.com,Male,United States
195,Minda,Conibeer,mconibeer5e@senate.gov,Female,United States
196,Miranda,Cuxon,mcuxon5f@cafepress.com,Female,United States
197,Zitella,Tregido,ztregido5g@soup.io,Female,United States
198,Finlay,Fylan,ffylan5h@mail.ru,Male,United States
199,Brittni,Clyne,bclyne5i@g.co,Female,United States
200,Yanaton,Dyshart,ydyshart5j@uiuc.edu,Male,United States
201,Crista,Emmott,cemmott5k@symantec.com,Female,United States
202,Artie,Emblow,aemblow5l@uol.com.br,Male,United States
203,Bentley,McVaugh,bmcvaugh5m@sfgate.com,Agender,United States
204,Kenon,Beveridge,kbeveridge5n@list-manage.com,Male,United States
205,Ariela,Cobain,acobain5o@rakuten.co.jp,Female,United States
206,Donnajean,Swatheridge,dswatheridge5p@prnewswire.com,Female,United States
207,Jayme,Applegarth,japplegarth5q@blogs.com,Female,Saudi Arabia
208,Ramon,Maxwell,rmaxwell5r@discuz.net,Male,United States
209,Binny,Borrow,bborrow5s@mit.edu,Female,United States
210,Jedidiah,Marcome,jmarcome5t@prnewswire.com,Male,United States
211,Loreen,Reichardt,lreichardt5u@joomla.org,Female,United States
212,Tudor,Polendine,tpolendine5v@hhs.gov,Male,United States
213,Alonzo,Barnett,abarnett5w@goo.gl,Male,United States
214,Brodie,Pimerick,bpimerick5x@163.com,Genderqueer,United States
215,Boniface,Raynham,braynham5y@diigo.com,Male,United States
216,Emanuel,Queree,equeree5z@elegantthemes.com,Male,United States
217,Waverley,Leahey,wleahey60@cdc.gov,Male,Saudi Arabia
218,Dougy,Clowsley,dclowsley61@hugedomains.com,Male,United States
219,Aaron,Scouse,ascouse62@vk.com,Male,South Korea
220,Courtney,Leaf,cleaf63@eepurl.com,Female,United States
221,Claudine,Breffitt,cbreffitt64@photobucket.com,Female,South Korea
222,Anthea,Carrick,acarrick65@va.gov,Genderfluid,United States
223,Ruggiero,Elwin,relwin66@bbb.org,Male,South Korea
224,Tobit,Webley,twebley67@behance.net,Male,United States
225,Ruddy,Leake,rleake68@bigcartel.com,Polygender,Saudi Arabia
226,Agace,Oldham,aoldham69@mozilla.com,Female,United States
227,Del,Bourtoumieux,dbourtoumieux6a@guardian.co.uk,Male,United States
228,Horst,Davidwitz,hdavidwitz6b@homestead.com,Male,United States
229,Orazio,Nutter,onutter6c@posterous.com,Male,United States
230,Tobie,Rudwell,trudwell6d@ibm.com,Male,United States
231,Alister,McAlester,amcalester6e@naver.com,Male,United States
232,Saxe,Tapenden,stapenden6f@dedecms.com,Male,United States
233,Elle,Idill,eidill6g@sina.com.cn,Female,United States
234,Abra,Tucknutt,atucknutt6h@jiathis.com,Female,Italy
235,Zena,Halford,zhalford6i@gnu.org,Female,United States
236,Mata,Doubleday,mdoubleday6j@i2i.jp,Male,United States
237,Cal,Battle,cbattle6k@hao123.com,Male,United States
238,Roosevelt,Smullen,rsmullen6l@wordpress.com,Male,United States
239,Thoma,Sycamore,tsycamore6m@alexa.com,Male,United States
240,Pail,Mathie,pmathie6n@networksolutions.com,Male,United States
241,Norrie,Hyndson,nhyndson6o@illinois.edu,Female,United States
242,Wilfred,Hefner,whefner6p@people.com.cn,Male,United States
243,Lucretia,Rignall,lrignall6q@epa.gov,Female,United States
244,Philis,Beardwood,pbeardwood6r@cnn.com,Female,United States
245,Lane,Keasley,lkeasley6s@geocities.com,Male,United States
246,Craggie,Keam,ckeam6t@vk.com,Male,United States
247,Herman,Symones,hsymones6u@forbes.com,Male,United States
248,Roxanne,Wearn,rwearn6v@pbs.org,Female,United States
249,Loren,Bidnall,lbidnall6w@cyberchimps.com,Female,United States
250,Creigh,McInulty,cmcinulty6x@feedburner.com,Male,South Korea
251,Inga,Tabary,itabary6y@ox.ac.uk,Bigender,South Korea
252,Padget,Busfield,pbusfield6z@freewebs.com,Genderqueer,United States
253,Edna,Myford,emyford70@creativecommons.org,Bigender,United States
254,Alyssa,Pockey,apockey71@trellian.com,Female,United States
255,Tierney,Cabrer,tcabrer72@de.vu,Agender,United States
256,Erskine,McGaugey,emcgaugey73@ning.com,Male,United States
257,Hasty,Merigon,hmerigon74@nytimes.com,Male,United States
258,Dana,Wiggall,dwiggall75@de.vu,Male,United States
259,Hilliary,Bithany,hbithany76@themeforest.net,Female,South Korea
260,Mackenzie,Rampton,mrampton77@mozilla.org,Male,United States
261,Thedrick,Polak,tpolak78@cpanel.net,Male,United Kingdom
262,Allin,Spellacy,aspellacy79@stumbleupon.com,Male,United States
263,Robert,Wolford,rwolford7a@ucsd.edu,Male,United States
264,Emily,Gilluley,egilluley7b@pbs.org,Female,United States
265,Kerr,Peery,kpeery7c@gov.uk,Male,United States
266,Hedda,Lujan,hlujan7d@123-reg.co.uk,Female,United States
267,Brit,MacCarrick,bmaccarrick7e@canalblog.com,Female,Italy
268,Natka,Pancost,npancost7f@last.fm,Female,South Korea
269,Stanislaus,Elcoat,selcoat7g@google.com.br,Male,South Korea
270,Andrea,Sample,asample7h@rambler.ru,Male,United States
271,Ivor,Frobisher,ifrobisher7i@wordpress.com,Male,United States
272,Granthem,Gillan,ggillan7j@spotify.com,Male,United States
273,Amandi,Kittow,akittow7k@bigcartel.com,Genderqueer,United States
274,Rollo,Petrov,rpetrov7l@dagondesign.com,Male,United States
275,Annadiane,Attock,aattock7m@slideshare.net,Female,Saudi Arabia
276,Korella,Wolver,kwolver7n@elpais.com,Female,United States
277,Cora,Riddock,criddock7o@so-net.ne.jp,Female,United States
278,Rosemaria,Epinay,repinay7p@360.cn,Polygender,United States
279,Pablo,Peatheyjohns,ppeatheyjohns7q@posterous.com,Male,United States
280,Fonzie,Haller,fhaller7r@livejournal.com,Male,United States
281,Correy,De La Haye,cdelahaye7s@nps.gov,Male,South Korea
282,Randa,McGreary,rmcgreary7t@google.ru,Female,United Kingdom
283,Mariann,Fishpool,mfishpool7u@mapquest.com,Female,United States
284,Merci,Hoodspeth,mhoodspeth7v@example.com,Female,Saudi Arabia
285,Christopher,Hurle,churle7w@netscape.com,Male,United States
286,Gerladina,Fenkel,gfenkel7x@ibm.com,Female,United States
287,Tracy,Dods,tdods7y@barnesandnoble.com,Female,South Korea
288,Emmott,Earl,eearl7z@plala.or.jp,Genderfluid,United States
289,Nichols,Blaes,nblaes80@shareasale.com,Male,United States
290,Coretta,Mullany,cmullany81@barnesandnoble.com,Female,Italy
291,Gregg,Maas,gmaas82@bandcamp.com,Male,United States
292,Abbe,Hamshere,ahamshere83@walmart.com,Male,United States
293,Del,Cohani,dcohani84@hatena.ne.jp,Male,United States
294,Darlleen,Romeril,dromeril85@yahoo.co.jp,Female,United States
295,Dorita,McDuffy,dmcduffy86@netlog.com,Female,United States
296,Sybyl,Bassam,sbassam87@merriam-webster.com,Female,Saudi Arabia
297,Sutton,Innis,sinnis88@t-online.de,Male,Saudi Arabia
298,Sid,McIlvenny,smcilvenny89@reuters.com,Male,United States
299,Harley,Rennels,hrennels8a@hp.com,Female,United States
300,Dana,Bomfield,dbomfield8b@indiatimes.com,Male,United States
301,Mignon,Senton,msenton8c@geocities.com,Female,United States
302,Heloise,Ealden,healden8d@marketwatch.com,Female,United States
303,Luciano,McMickan,lmcmickan8e@fastcompany.com,Male,Italy
304,Ivan,Wrinch,iwrinch8f@webs.com,Genderqueer,United States
305,Saree,Bright,sbright8g@addtoany.com,Female,United States
306,Sissie,Becconsall,sbecconsall8h@time.com,Female,United States
307,Hube,Scorton,hscorton8i@miitbeian.gov.cn,Agender,South Korea
308,Gael,Apfel,gapfel8j@arizona.edu,Genderfluid,United States
309,Jamie,Raffan,jraffan8k@scribd.com,Male,United Kingdom
310,Larissa,Vakhrushin,lvakhrushin8l@oracle.com,Female,United Kingdom
311,Kelvin,Deschlein,kdeschlein8m@digg.com,Male,United States
312,Cristy,Chessel,cchessel8n@techcrunch.com,Female,Saudi Arabia
313,Emelyne,Warham,ewarham8o@about.me,Genderqueer,United States
314,Allard,Syvret,asyvret8p@elpais.com,Male,United States
315,Bernie,Laux,blaux8q@blogtalkradio.com,Male,United States
316,Curt,Perrot,cperrot8r@si.edu,Male,Saudi Arabia
317,Nickie,Exposito,nexposito8s@eepurl.com,Male,United States
318,Gunner,Whiscard,gwhiscard8t@baidu.com,Male,United States
319,Catlaina,Milstead,cmilstead8u@nationalgeographic.com,Female,United States
320,Royall,Patience,rpatience8v@naver.com,Male,United States
321,Katrina,Sclanders,ksclanders8w@godaddy.com,Female,United States
322,Lib,Syrie,lsyrie8x@prlog.org,Female,United States
323,Kendrick,Odom,kodom8y@reuters.com,Male,United States
324,Merralee,Copes,mcopes8z@amazon.co.jp,Female,South Korea
325,Dyann,Wagner,dwagner90@vinaora.com,Female,United Kingdom
326,Jennica,Jaszczak,jjaszczak91@bravesites.com,Female,United States
327,Colet,Moncur,cmoncur92@walmart.com,Male,Saudi Arabia
328,Quincey,Mingauld,qmingauld93@twitter.com,Male,United States
329,Sharity,Ewols,sewols94@patch.com,Female,United States
330,Adel,Bonniface,abonniface95@springer.com,Female,United States
331,Dorey,Slograve,dslograve96@zimbio.com,Male,United Arab Emirates
332,Byrle,Mazella,bmazella97@mapy.cz,Male,United States
333,Martie,Banthorpe,mbanthorpe98@theguardian.com,Female,United States
334,Nessie,Jiras,njiras99@qq.com,Female,Italy
335,Errol,Mapston,emapston9a@dell.com,Male,United States
336,Dukie,MacIllrick,dmacillrick9b@tinyurl.com,Male,United States
337,Addie,Chainey,achainey9c@yahoo.com,Female,United States
338,Mikol,Wareham,mwareham9d@stumbleupon.com,Male,United States
339,Gage,Gath,ggath9e@digg.com,Male,United States
340,Bourke,Saffon,bsaffon9f@1688.com,Male,United States
341,Reece,Fassum,rfassum9g@engadget.com,Male,United States
342,Jorey,Issacof,jissacof9h@discuz.net,Female,United Kingdom
343,Samantha,MacShirie,smacshirie9i@mozilla.org,Female,United States
344,Krissie,Basson,kbasson9j@toplist.cz,Non-binary,United States
345,Tanitansy,Redmore,tredmore9k@chicagotribune.com,Female,United States
346,Janene,Rasch,jrasch9l@google.es,Female,South Korea
347,Jory,McBay,jmcbay9m@issuu.com,Agender,United States
348,Jolynn,Gloyens,jgloyens9n@ucsd.edu,Female,United States
349,Sara,Willshee,swillshee9o@cpanel.net,Female,United States
350,Davida,Rizzardi,drizzardi9p@go.com,Female,United States
351,Dallon,Jirak,djirak9q@youku.com,Male,Italy
352,Mirelle,Grichukhin,mgrichukhin9r@ihg.com,Female,United Kingdom
353,Aloisia,Evelyn,aevelyn9s@huffingtonpost.com,Female,United Arab Emirates
354,Keely,Ghelerdini,kghelerdini9t@pinterest.com,Female,South Korea
355,Tara,Frapwell,tfrapwell9u@yolasite.com,Female,United Kingdom
356,Christiana,Churm,cchurm9v@barnesandnoble.com,Female,United States
357,Kaitlynn,Wrotchford,kwrotchford9w@devhub.com,Female,South Korea
358,Collette,Mottram,cmottram9x@engadget.com,Female,United States
359,Brook,Tolcharde,btolcharde9y@statcounter.com,Female,United States
360,Cyrus,Coatham,ccoatham9z@amazon.com,Male,United States
361,Hadleigh,Wilfinger,hwilfingera0@nyu.edu,Male,United States
362,Alexei,Povah,apovaha1@scientificamerican.com,Male,United States
363,Godard,Sheards,gsheardsa2@techcrunch.com,Male,United States
364,Paolina,Jacox,pjacoxa3@pen.io,Female,Italy
365,Wilone,Sturdey,wsturdeya4@harvard.edu,Female,United States
366,Sibel,Humblestone,shumblestonea5@stumbleupon.com,Female,United States
367,Amberly,Vasyunkin,avasyunkina6@si.edu,Female,United States
368,Hyatt,Kyle,hkylea7@chicagotribune.com,Male,United States
369,Mozelle,Owers,mowersa8@php.net,Female,United Kingdom
370,Mattias,Buchett,mbuchetta9@geocities.jp,Male,South Korea
371,Torey,Alldred,talldredaa@yolasite.com,Male,United States
372,Godart,Blodgetts,gblodgettsab@about.me,Male,United States
373,Tab,Abramowitz,tabramowitzac@java.com,Male,Italy
374,Ericha,Langford,elangfordad@etsy.com,Female,United States
375,Valeria,Denis,vdenisae@geocities.com,Female,United States
376,Dallis,Kaminski,dkaminskiaf@blogger.com,Male,United States
377,Bartholemy,Ffoulkes,bffoulkesag@huffingtonpost.com,Male,United States
378,Boote,Targett,btargettah@auda.org.au,Male,United States
379,Madelon,Cecely,mcecelyai@cornell.edu,Female,United States
380,Bamby,Theaker,btheakeraj@tumblr.com,Female,Saudi Arabia
381,Keene,Georges,kgeorgesak@slideshare.net,Male,United States
382,Josie,Velasquez,jvelasquezal@squarespace.com,Female,United States
383,Milty,Lafuente,mlafuenteam@over-blog.com,Male,Saudi Arabia
384,Katheryn,Glavin,kglavinan@state.tx.us,Female,United States
385,Torin,Durie,tdurieao@naver.com,Male,United States
386,Trisha,O' Sullivan,tosullivanap@ftc.gov,Female,Saudi Arabia
387,Myrtia,McQuilliam,mmcquilliamaq@sitemeter.com,Female,United States
388,Alfonso,Kelson,akelsonar@multiply.com,Male,United States
389,Gordan,Meeny,gmeenyas@npr.org,Male,United States
390,Alwyn,Sawood,asawoodat@psu.edu,Male,South Korea
391,Ashleigh,Hillam,ahillamau@harvard.edu,Female,Italy
392,Bax,McCambrois,bmccambroisav@comsenz.com,Male,United Kingdom
393,Rose,Bettesworth,rbettesworthaw@disqus.com,Female,United States
394,Misty,Langcaster,mlangcasterax@about.me,Female,United States
395,Tara,Rosendahl,trosendahlay@archive.org,Female,United Arab Emirates
396,Udell,McWhin,umcwhinaz@biglobe.ne.jp,Male,United States
397,Tamqrah,Spoure,tspoureb0@sciencedirect.com,Female,United States
398,Odette,Ditchfield,oditchfieldb1@360.cn,Female,United States
399,Curry,Bastistini,cbastistinib2@tiny.cc,Male,United States
400,Zeke,Sclanders,zsclandersb3@flavors.me,Male,United States
401,Duff,Jannasch,djannaschb4@ebay.com,Male,United States
402,Lyndy,Shobbrook,lshobbrookb5@ucoz.com,Female,Italy
403,Shane,Phippin,sphippinb6@clickbank.net,Genderfluid,United States
404,Terri,Ginglell,tginglellb7@etsy.com,Male,United States
405,Kingsley,Londsdale,klondsdaleb8@sbwire.com,Male,United States
406,Emma,Brundle,ebrundleb9@google.it,Female,United States
407,Delora,Jozsika,djozsikaba@cbsnews.com,Female,United Kingdom
408,Tremayne,Fourman,tfourmanbb@un.org,Male,United States
409,Atlanta,Harte,ahartebc@multiply.com,Agender,United States
410,Nikki,Sowten,nsowtenbd@nhs.uk,Female,South Korea
411,Elsbeth,Hicklingbottom,ehicklingbottombe@surveymonkey.com,Female,United States
412,Tyrus,Dowdam,tdowdambf@webnode.com,Male,United States
413,Merle,McInility,mmcinilitybg@thetimes.co.uk,Female,United States
414,Nicky,Benkin,nbenkinbh@discuz.net,Male,United States
415,Jarvis,Wile,jwilebi@nationalgeographic.com,Male,United States
416,Krystal,Braddon,kbraddonbj@weebly.com,Female,United States
417,Sherilyn,Aries,sariesbk@51.la,Genderfluid,United States
418,Buffy,Fauguel,bfauguelbl@printfriendly.com,Bigender,United States
419,Sherm,Trood,stroodbm@quantcast.com,Male,United States
420,Mikel,Blonfield,mblonfieldbn@mozilla.com,Male,South Korea
421,Web,Chamberlaine,wchamberlainebo@google.it,Male,South Korea
422,Evin,Richten,erichtenbp@guardian.co.uk,Male,United States
423,Isadore,Reedy,ireedybq@issuu.com,Male,United States
424,Calvin,Janc,cjancbr@wiley.com,Male,United States
425,Elnar,Wones,ewonesbs@vimeo.com,Male,United States
426,Josh,Ambage,jambagebt@hibu.com,Male,Saudi Arabia
427,Helen-elizabeth,Baldcock,hbaldcockbu@surveymonkey.com,Female,United States
428,Gray,Deely,gdeelybv@imdb.com,Female,South Korea
429,Hubie,Arran,harranbw@timesonline.co.uk,Male,United States
430,Julian,Blaiklock,jblaiklockbx@paypal.com,Male,United States
431,Wheeler,Killen,wkillenby@surveymonkey.com,Male,United States
432,Philis,Rilings,prilingsbz@plala.or.jp,Female,United Kingdom
433,Mikkel,Tamburo,mtamburoc0@clickbank.net,Male,Italy
434,Mathian,Daniells,mdaniellsc1@yandex.ru,Male,Italy
435,Isaac,Huckett,ihuckettc2@constantcontact.com,Male,United States
436,Kiele,Battisson,kbattissonc3@mapquest.com,Female,United States
437,Emmalee,Southwick,esouthwickc4@yellowpages.com,Female,United States
438,Madlen,Poate,mpoatec5@cbsnews.com,Female,United States
439,Cloe,Mersh,cmershc6@intel.com,Female,United States
440,Solomon,Scarsbrooke,sscarsbrookec7@xing.com,Male,United States
441,Denyse,Larrie,dlarriec8@odnoklassniki.ru,Female,United States
442,Northrop,Wildish,nwildishc9@businessweek.com,Male,United States
443,Ruthie,Le Friec,rlefriecca@artisteer.com,Female,United States
444,Shay,Huey,shueycb@forbes.com,Male,United Kingdom
445,Nissy,Crocumbe,ncrocumbecc@drupal.org,Female,United States
446,Oralie,Prop,opropcd@wisc.edu,Female,United States
447,Bar,Gudgen,bgudgence@psu.edu,Male,United States
448,Emerson,Cremin,ecremincf@cisco.com,Non-binary,United States
449,Karia,Mingasson,kmingassoncg@chronoengine.com,Female,United States
450,Gelya,Bruun,gbruunch@yale.edu,Female,United States
451,Rolfe,Ovitts,rovittsci@parallels.com,Male,South Korea
452,Marve,Moraleda,mmoraledacj@soundcloud.com,Genderfluid,United States
453,Say,Drewry,sdrewryck@rakuten.co.jp,Male,United States
454,Yorker,Dagger,ydaggercl@delicious.com,Male,Saudi Arabia
455,Kendrick,Tasseler,ktasselercm@123-reg.co.uk,Male,United States
456,Retha,Yukhin,ryukhincn@webmd.com,Female,United States
457,Lelia,Iremonger,liremongerco@businessweek.com,Female,United States
458,Elliot,Baudasso,ebaudassocp@domainmarket.com,Male,United States
459,Katha,Mendonca,kmendoncacq@discuz.net,Female,United States
460,Hersch,Waszczyk,hwaszczykcr@meetup.com,Male,United States
461,Paige,Augustine,paugustinecs@skyrock.com,Female,South Korea
462,Bernita,Gooke,bgookect@apache.org,Female,United States
463,Rodney,Napoleone,rnapoleonecu@hc360.com,Male,South Korea
464,Gillan,Crichmer,gcrichmercv@miibeian.gov.cn,Female,United States
465,Jenna,Gilhoolie,jgilhooliecw@slate.com,Female,United Arab Emirates
466,Archibaldo,Spalding,aspaldingcx@wikimedia.org,Male,United States
467,Claudelle,Ellacott,cellacottcy@wordpress.com,Female,United States
468,Gayel,Children,gchildrencz@ibm.com,Female,Italy
469,Jonathon,Thairs,jthairsd0@msu.edu,Male,United States
470,Ruthy,Perri,rperrid1@vinaora.com,Female,United States
471,Babb,Bourton,bbourtond2@examiner.com,Female,United Kingdom
472,Tomkin,Dallman,tdallmand3@amazon.co.jp,Male,United States
473,Willis,Dudek,wdudekd4@e-recht24.de,Male,South Korea
474,Fey,Tofpik,ftofpikd5@hexun.com,Female,Italy
475,Perry,Enterle,penterled6@amazon.de,Male,United States
476,Eryn,Lagne,elagned7@shop-pro.jp,Female,United States
477,Matthew,O' Hogan,mohogand8@surveymonkey.com,Male,United States
478,Berton,Borsay,bborsayd9@washington.edu,Male,United States
479,Martino,Trangmar,mtrangmarda@hibu.com,Male,South Korea
480,Templeton,Lergan,tlergandb@accuweather.com,Male,United States
481,Fairlie,Shead,fsheaddc@unesco.org,Male,United States
482,Venus,Janczak,vjanczakdd@tuttocitta.it,Bigender,United Kingdom
483,Elke,Greensides,egreensidesde@cnet.com,Female,United States
484,Angelia,Falco,afalcodf@histats.com,Female,United States
485,Ebonee,Pautot,epautotdg@yelp.com,Female,United States
486,Ruperto,Grimsell,rgrimselldh@icio.us,Male,United States
487,Tomkin,Eshelby,teshelbydi@marketwatch.com,Male,United States
488,Howey,Pilipets,hpilipetsdj@vinaora.com,Male,United States
489,Kilian,Deporte,kdeportedk@arizona.edu,Male,United States
490,Eran,Symones,esymonesdl@delicious.com,Female,United States
491,Ainsley,Petrolli,apetrollidm@cdbaby.com,Female,United States
492,Hannis,Scarfe,hscarfedn@dailymail.co.uk,Female,United States
493,Halie,Pumfrey,hpumfreydo@devhub.com,Genderqueer,United States
494,Barde,Lince,blincedp@imgur.com,Male,United States
495,Lawrence,Ley,lleydq@networksolutions.com,Male,United States
496,Bruce,Feetham,bfeethamdr@utexas.edu,Male,United States
497,Michal,Shadfourth,mshadfourthds@comcast.net,Female,United States
498,Julia,Laurent,jlaurentdt@tinypic.com,Female,United States
499,Melba,Spurman,mspurmandu@blinklist.com,Female,United States
500,Lonni,Darrington,ldarringtondv@taobao.com,Non-binary,United States
501,Eb,Kesley,ekesleydw@loc.gov,Male,United States
502,Jaymee,Collinette,jcollinettedx@blogspot.com,Female,United Kingdom
503,Elisa,Overland,eoverlanddy@cyberchimps.com,Female,United States
504,Kerry,Zuann,kzuanndz@vinaora.com,Male,United States
505,Lilly,Kaley,lkaleye0@wikia.com,Female,United States
506,Fiann,Millgate,fmillgatee1@walmart.com,Genderfluid,Saudi Arabia
507,Burtie,Sarney,bsarneye2@wikia.com,Male,United States
508,Sibeal,Muschette,smuschettee3@people.com.cn,Female,United States
509,Forester,Childerhouse,fchilderhousee4@dedecms.com,Male,United States
510,Francesca,Garling,fgarlinge5@ebay.com,Female,United States
511,Vita,Jesson,vjessone6@weibo.com,Female,South Korea
512,Arlyn,Peche,apechee7@economist.com,Female,United States
513,Jilli,Greenaway,jgreenawaye8@feedburner.com,Female,United States
514,Marshal,Norcutt,mnorcutte9@unc.edu,Male,South Korea
515,Hobey,Perkin,hperkinea@pinterest.com,Male,South Korea
516,Adrian,Bisterfeld,abisterfeldeb@illinois.edu,Male,South Korea
517,Greggory,Habbert,ghabbertec@php.net,Male,United States
518,Cymbre,Lindstedt,clindstedted@dailymotion.com,Female,United States
519,Jacinta,Dunkerton,jdunkertonee@cnet.com,Female,United States
520,Abby,Gebb,agebbef@cocolog-nifty.com,Male,United States
521,Karoly,Yashnov,kyashnoveg@indiegogo.com,Female,United States
522,Tremain,Wilcockes,twilcockeseh@huffingtonpost.com,Non-binary,United States
523,Baily,Mattek,bmattekei@apache.org,Male,United States
524,Meredithe,Cunah,mcunahej@vk.com,Female,South Korea
525,Doll,Duncklee,ddunckleeek@aboutads.info,Female,United States
526,Gaultiero,Youthead,gyoutheadel@icio.us,Male,South Korea
527,Willamina,Ruegg,wrueggem@hubpages.com,Female,United States
528,Jocelyn,Race,jraceen@cdc.gov,Female,United States
529,Neila,Bottinelli,nbottinellieo@imgur.com,Female,South Korea
530,Terri,Chasson,tchassonep@storify.com,Female,United States
531,Chere,Cota,ccotaeq@123-reg.co.uk,Female,South Korea
532,Bonny,Novkovic,bnovkovicer@wordpress.org,Female,United States
533,Christophe,Candlin,ccandlines@bloglovin.com,Male,United States
534,Nappie,Lawn,nlawnet@boston.com,Male,United States
535,Leonora,Nortunen,lnortuneneu@altervista.org,Female,United States
536,Alexandros,Thuillier,athuillierev@feedburner.com,Male,United States
537,Berke,Bernaldez,bbernaldezew@naver.com,Male,Saudi Arabia
538,Cody,Daily,cdailyex@cbslocal.com,Male,South Korea
539,Gusella,Brownfield,gbrownfieldey@google.es,Female,Saudi Arabia
540,Maurise,McGoon,mmcgoonez@comsenz.com,Male,United States
541,Avis,Howels,ahowelsf0@google.com.br,Bigender,South Korea
542,Aileen,McNelis,amcnelisf1@livejournal.com,Female,United States
543,Lorens,Kenefick,lkenefickf2@blogspot.com,Male,United States
544,Roselia,Durtnal,rdurtnalf3@state.tx.us,Female,United States
545,Fran,Matusovsky,fmatusovskyf4@aol.com,Non-binary,United States
546,Domeniga,Concannon,dconcannonf5@yolasite.com,Female,South Korea
547,Laure,McAllaster,lmcallasterf6@amazon.com,Female,United States
548,Hope,Rubinovitch,hrubinovitchf7@nasa.gov,Female,United States
549,Dorthy,Faughey,dfaugheyf8@java.com,Female,United States
550,Isidor,Nowell,inowellf9@shareasale.com,Male,United States
551,Shauna,Milburne,smilburnefa@examiner.com,Female,United States
552,Erroll,Darthe,edarthefb@ocn.ne.jp,Male,United States
553,Brooks,Ramelot,bramelotfc@google.pl,Female,United States
554,Barth,Tremain,btremainfd@upenn.edu,Male,United States
555,Ker,Geal,kgealfe@geocities.com,Male,United States
556,Emilio,Liles,elilesff@independent.co.uk,Male,United States
557,Adah,Simoni,asimonifg@nymag.com,Female,United States
558,Rae,Beardshall,rbeardshallfh@mac.com,Female,United States
559,Field,Romi,fromifi@feedburner.com,Male,United States
560,Drona,Lochran,dlochranfj@jugem.jp,Female,United States
561,Bay,Heck,bheckfk@ucoz.ru,Male,Saudi Arabia
562,Kimberley,Redgewell,kredgewellfl@studiopress.com,Female,Italy
563,Wakefield,Truran,wtruranfm@bloomberg.com,Male,United States
564,Curcio,Jertz,cjertzfn@sourceforge.net,Non-binary,United States
565,Charlie,Gorman,cgormanfo@ebay.co.uk,Male,Italy
566,Nathalia,Prise,nprisefp@goo.gl,Female,United States
567,Kayley,Rushman,krushmanfq@artisteer.com,Female,Saudi Arabia
568,Binny,Eskriet,beskrietfr@csmonitor.com,Female,United States
569,Gusella,Pavitt,gpavittfs@sciencedaily.com,Female,United States
570,Dotti,Barzen,dbarzenft@thetimes.co.uk,Female,South Korea
571,Dominga,Oxx,doxxfu@sakura.ne.jp,Female,United Kingdom
572,Ginger,Staries,gstariesfv@webs.com,Male,United States
573,Alexandros,Dalgardno,adalgardnofw@smugmug.com,Male,United States
574,Mechelle,Donlon,mdonlonfx@bluehost.com,Non-binary,United States
575,Myra,MacAnelley,mmacanelleyfy@google.com.br,Female,United States
576,Travers,Jirsa,tjirsafz@typepad.com,Male,United States
577,Alasdair,Scarr,ascarrg0@abc.net.au,Male,United States
578,Bernard,Sans,bsansg1@photobucket.com,Male,South Korea
579,Esme,Klimt,eklimtg2@weather.com,Male,United States
580,Leslie,MacDonogh,lmacdonoghg3@symantec.com,Male,United States
581,Gabe,Sproston,gsprostong4@ted.com,Male,United States
582,Britt,Dowsing,bdowsingg5@weather.com,Female,United States
583,Kevan,McCombe,kmccombeg6@1und1.de,Male,United States
584,Lida,Gantley,lgantleyg7@who.int,Female,United States
585,Rey,Wackly,rwacklyg8@oaic.gov.au,Male,United Kingdom
586,Tabbitha,Croxley,tcroxleyg9@meetup.com,Female,United States
587,Andee,Dorr,adorrga@wikimedia.org,Female,United States
588,Quintin,Aslott,qaslottgb@dell.com,Male,South Korea
589,Laurene,Matiewe,lmatiewegc@howstuffworks.com,Female,United Arab Emirates
590,Gaven,Hatchell,ghatchellgd@phoca.cz,Male,United States
591,Constantin,Tribe,ctribege@xrea.com,Male,United States
592,Arleyne,Jacke,ajackegf@reddit.com,Non-binary,United States
593,Louisa,Klyn,lklyngg@bing.com,Female,Italy
594,Barton,Hudson,bhudsongh@businessweek.com,Genderqueer,United States
595,Siegfried,Ranken,srankengi@google.com,Male,United States
596,Dulcy,Beincken,dbeinckengj@sohu.com,Genderqueer,United States
597,Aleece,Orgee,aorgeegk@harvard.edu,Female,South Korea
598,Vita,Carles,vcarlesgl@jalbum.net,Female,United States
599,Carol,Kobiera,ckobieragm@cam.ac.uk,Female,South Korea
600,Onfroi,Pedrozzi,opedrozzign@nydailynews.com,Male,United Kingdom
601,Mignon,MacNeely,mmacneelygo@nydailynews.com,Female,United States
602,Gunter,Delyth,gdelythgp@soundcloud.com,Male,United States
603,Cori,Bassano,cbassanogq@unicef.org,Female,United States
604,Thalia,Imorts,timortsgr@is.gd,Polygender,United States
605,Wain,Farrin,wfarrings@newyorker.com,Male,Italy
606,Nils,Sloper,nslopergt@amazon.de,Male,South Korea
607,Paule,Shuttlewood,pshuttlewoodgu@people.com.cn,Polygender,United States
608,Micheil,Sheering,msheeringgv@zdnet.com,Male,United Kingdom
609,Jaquelin,Koene,jkoenegw@usgs.gov,Female,United States
610,Vitoria,Oswal,voswalgx@amazon.de,Female,United States
611,Otho,Heball,oheballgy@i2i.jp,Male,United States
612,Halli,Barti,hbartigz@answers.com,Female,Saudi Arabia
613,Wolfy,Enion,wenionh0@scientificamerican.com,Male,United States
614,Hedda,Egan,heganh1@sourceforge.net,Female,United States
615,Susan,Klammt,sklammth2@zimbio.com,Female,United States
616,Meggy,Dye,mdyeh3@usnews.com,Female,South Korea
617,Hillery,Varvell,hvarvellh4@drupal.org,Male,United States
618,Gertrud,Scarlin,gscarlinh5@thetimes.co.uk,Female,United States
619,Fanchette,Vodden,fvoddenh6@chronoengine.com,Female,United States
620,Kerrie,De Lasci,kdelascih7@google.fr,Female,United States
621,Tamiko,Doerren,tdoerrenh8@gravatar.com,Female,United States
622,Hasheem,Lovatt,hlovatth9@msn.com,Male,United States
623,Marylinda,Overland,moverlandha@multiply.com,Genderfluid,United States
624,Jacquenetta,Symondson,jsymondsonhb@amazon.co.uk,Non-binary,United States
625,Torey,Belk,tbelkhc@nationalgeographic.com,Male,United States
626,Katey,Alam,kalamhd@senate.gov,Female,United States
627,Caria,McQuin,cmcquinhe@virginia.edu,Female,United States
628,Merell,Mulhill,mmulhillhf@irs.gov,Male,South Korea
629,Edy,Hannaford,ehannafordhg@epa.gov,Female,South Korea
630,Dugald,Lethebridge,dlethebridgehh@ask.com,Male,United States
631,Catharina,Marples,cmarpleshi@washington.edu,Female,United States
632,Philomena,Hargrave,phargravehj@furl.net,Female,Italy
633,Karl,Bonass,kbonasshk@shutterfly.com,Male,United States
634,Loralee,Hairsnape,lhairsnapehl@howstuffworks.com,Female,United States
635,Ingelbert,Bavester,ibavesterhm@shutterfly.com,Male,United States
636,Teddie,Coxwell,tcoxwellhn@creativecommons.org,Male,United States
637,Murry,Belasco,mbelascoho@issuu.com,Male,United States
638,Anderea,Rumgay,arumgayhp@naver.com,Non-binary,United States
639,Hollie,De Gowe,hdegowehq@dion.ne.jp,Female,Italy
640,Dalia,Cragoe,dcragoehr@blogspot.com,Female,United States
641,Bernita,De Ambrosis,bdeambrosishs@spiegel.de,Polygender,United States
642,Ly,Rosebotham,lrosebothamht@dedecms.com,Male,United States
643,El,Bedborough,ebedboroughhu@google.de,Male,United Kingdom
644,Vinita,Disman,vdismanhv@yandex.ru,Female,United States
645,Siegfried,Soal,ssoalhw@360.cn,Male,United States
646,Bastien,Stathor,bstathorhx@odnoklassniki.ru,Male,United States
647,Shawnee,Leeson,sleesonhy@dailymotion.com,Female,United States
648,Shae,Burlay,sburlayhz@discuz.net,Male,United States
649,Dodi,Grocutt,dgrocutti0@chicagotribune.com,Female,United States
650,Robinet,Sleeny,rsleenyi1@google.es,Female,United States
651,York,Brydone,ybrydonei2@vk.com,Male,United States
652,Lucky,Mulrean,lmulreani3@wordpress.org,Female,United States
653,Yancy,Shillinglaw,yshillinglawi4@businesswire.com,Male,United Kingdom
654,Demetria,Gouldstraw,dgouldstrawi5@cpanel.net,Female,United States
655,Kailey,Wilkin,kwilkini6@angelfire.com,Agender,Italy
656,Sholom,Lackie,slackiei7@1688.com,Male,United States
657,Sebastien,Giovani,sgiovanii8@4shared.com,Male,United States
658,Cecelia,Witchard,cwitchardi9@yellowpages.com,Female,South Korea
659,Vikki,Borzone,vborzoneia@google.com.hk,Female,Saudi Arabia
660,Guglielma,Kelinge,gkelingeib@engadget.com,Female,United States
661,Durand,Rodear,drodearic@nifty.com,Male,Italy
662,Elisha,Penhalewick,epenhalewickid@xrea.com,Agender,United States
663,Matthus,Di Angelo,mdiangeloie@about.com,Male,United States
664,Forster,Lacky,flackyif@shop-pro.jp,Male,United States
665,Clarke,Bodman,cbodmanig@illinois.edu,Male,United States
666,Rodger,Andrivel,randrivelih@fotki.com,Male,United States
667,Huntlee,Brittoner,hbrittonerii@hibu.com,Agender,South Korea
668,Risa,Parsell,rparsellij@google.de,Female,United States
669,Gleda,Zmitrovich,gzmitrovichik@bluehost.com,Female,United States
670,Fitz,Dagnan,fdagnanil@timesonline.co.uk,Male,Saudi Arabia
671,Dela,Sabatini,dsabatiniim@upenn.edu,Female,United States
672,Ingar,Coffin,icoffinin@tumblr.com,Male,South Korea
673,Cheslie,Sturman,csturmanio@cnet.com,Female,Italy
674,Frasquito,Stearne,fstearneip@hubpages.com,Male,United States
675,Wini,Bumford,wbumfordiq@wufoo.com,Female,United States
676,Paxon,Mehmet,pmehmetir@sakura.ne.jp,Male,Italy
677,Hali,Corkel,hcorkelis@tuttocitta.it,Female,South Korea
678,Josias,Dodson,jdodsonit@liveinternet.ru,Male,United States
679,Deirdre,Prescote,dprescoteiu@google.ru,Female,United Arab Emirates
680,Deana,Kobus,dkobusiv@devhub.com,Female,United States
681,Lorenzo,Woodings,lwoodingsiw@state.tx.us,Male,South Korea
682,Alfons,Fere,afereix@google.ca,Male,South Korea
683,Loren,Stowgill,lstowgilliy@merriam-webster.com,Male,United States
684,Gilli,Klehyn,gklehyniz@shinystat.com,Female,United States
685,Clayborne,McKinless,cmckinlessj0@infoseek.co.jp,Male,United States
686,Ashlee,Sloley,asloleyj1@macromedia.com,Female,South Korea
687,Ole,Bourton,obourtonj2@cbsnews.com,Male,United States
688,Levy,Gillanders,lgillandersj3@reuters.com,Male,United States
689,Wilek,Hudleston,whudlestonj4@dedecms.com,Male,United States
690,Odelle,Sloyan,osloyanj5@behance.net,Female,United Arab Emirates
691,Gawen,Tonry,gtonryj6@dagondesign.com,Male,United States
692,Beaufort,Drakes,bdrakesj7@printfriendly.com,Bigender,United States
693,Nicolais,Oglethorpe,noglethorpej8@webnode.com,Male,United States
694,Kennett,Rastrick,krastrickj9@so-net.ne.jp,Male,United States
695,Carrol,Crozier,ccrozierja@samsung.com,Male,United States
696,Ricki,Crocombe,rcrocombejb@unc.edu,Male,United States
697,Lauralee,Cubbinelli,lcubbinellijc@youku.com,Female,South Korea
698,Aldus,Proughten,aproughtenjd@nasa.gov,Male,United States
699,Moira,Cousins,mcousinsje@un.org,Female,United States
700,Natka,Skep,nskepjf@xrea.com,Female,United States
701,Derward,Pagin,dpaginjg@lulu.com,Male,United States
702,Cheri,Hurford,churfordjh@icio.us,Agender,South Korea
703,Wynn,Jacquemet,wjacquemetji@goo.ne.jp,Male,United States
704,Moise,Entwhistle,mentwhistlejj@dailymail.co.uk,Male,United States
705,Cash,Gittings,cgittingsjk@vistaprint.com,Male,United States
706,Carrol,Featherbie,cfeatherbiejl@mapy.cz,Male,United States
707,Morissa,Lattin,mlattinjm@slideshare.net,Non-binary,United States
708,Wallache,Haythorne,whaythornejn@soundcloud.com,Genderfluid,Saudi Arabia
709,Igor,Symmons,isymmonsjo@tumblr.com,Male,United States
710,Felizio,Riches,frichesjp@topsy.com,Genderfluid,United States
711,Marcelline,Flawith,mflawithjq@smh.com.au,Female,Saudi Arabia
712,Kalle,Halsted,khalstedjr@hexun.com,Male,South Korea
713,Annabela,Sowerby,asowerbyjs@youtu.be,Female,United States
714,Leigh,Geertsen,lgeertsenjt@meetup.com,Male,United States
715,Glad,Illing,gillingju@eepurl.com,Female,United States
716,Daffy,Pocknell,dpocknelljv@addthis.com,Female,United States
717,Mario,Pauletto,mpaulettojw@mtv.com,Male,United States
718,Tally,Dorricott,tdorricottjx@mtv.com,Polygender,Italy
719,Kassie,Piens,kpiensjy@fastcompany.com,Female,South Korea
720,Zulema,McCanny,zmccannyjz@chronoengine.com,Non-binary,United States
721,Randolf,Seals,rsealsk0@mediafire.com,Male,United States
722,Gerladina,Danaher,gdanaherk1@mozilla.com,Genderfluid,Saudi Arabia
723,Mill,Yateman,myatemank2@gnu.org,Male,South Korea
724,Nickolas,Size,nsizek3@shinystat.com,Male,United States
725,Crosby,Jzhakov,cjzhakovk4@amazon.com,Male,United States
726,Sherline,Veelers,sveelersk5@newyorker.com,Female,United States
727,Aloysia,Kordt,akordtk6@redcross.org,Female,United States
728,Irvine,Sparshett,isparshettk7@4shared.com,Male,United States
729,Christalle,Furbank,cfurbankk8@photobucket.com,Female,South Korea
730,Natalya,Meakin,nmeakink9@wikia.com,Female,United States
731,Latrena,Mazillius,lmazilliuska@gravatar.com,Female,United States
732,Ervin,Pasque,epasquekb@unc.edu,Male,United States
733,Garrard,Feldbrin,gfeldbrinkc@google.com.br,Male,United States
734,Carrol,Pover,cpoverkd@homestead.com,Male,United States
735,Howie,Dome,hdomeke@liveinternet.ru,Male,United Kingdom
736,Carolann,Godrich,cgodrichkf@hibu.com,Female,United States
737,Ossie,Sheepy,osheepykg@plala.or.jp,Male,South Korea
738,Carlynn,Tull,ctullkh@is.gd,Female,United States
739,Winnie,Edney,wedneyki@state.tx.us,Male,United States
740,Darryl,Flemming,dflemmingkj@sakura.ne.jp,Male,South Korea
741,Hamish,Garrettson,hgarrettsonkk@guardian.co.uk,Male,United States
742,Corena,Bish,cbishkl@nationalgeographic.com,Female,South Korea
743,Chandler,McGuffog,cmcguffogkm@usatoday.com,Agender,United Kingdom
744,Inger,Moreside,imoresidekn@globo.com,Female,United States
745,Whittaker,Eddies,weddiesko@alibaba.com,Male,United States
746,Quincey,Campling,qcamplingkp@youku.com,Male,United States
747,Maryanne,Aspinwall,maspinwallkq@parallels.com,Female,United States
748,Trumann,Clayson,tclaysonkr@myspace.com,Male,United States
749,Julie,Hartnell,jhartnellks@histats.com,Male,United States
750,Filippa,Duberry,fduberrykt@g.co,Female,United States
751,Aggi,Netting,anettingku@blogspot.com,Female,United States
752,Julee,Tressler,jtresslerkv@cbsnews.com,Non-binary,United States
753,Betta,Dowtry,bdowtrykw@hud.gov,Female,United States
754,Cassandry,Matfield,cmatfieldkx@aboutads.info,Female,United States
755,Cort,Yurov,cyurovky@reuters.com,Male,Italy
756,Sutherlan,Maytum,smaytumkz@shutterfly.com,Male,United States
757,Caril,Aberdalgy,caberdalgyl0@netlog.com,Female,United Arab Emirates
758,Kala,Rourke,krourkel1@mlb.com,Female,United States
759,Phillip,Pie,ppiel2@free.fr,Male,Italy
760,Coriss,Duran,cduranl3@freewebs.com,Female,United States
761,Hermia,Arnfield,harnfieldl4@lulu.com,Female,United States
762,Winn,Curee,wcureel5@webnode.com,Genderfluid,United States
763,Melessa,Ismail,mismaill6@auda.org.au,Female,United States
764,Roxana,Grafhom,rgrafhoml7@reddit.com,Female,United States
765,Hollis,Schroter,hschroterl8@soundcloud.com,Male,United States
766,Tabina,Fonteyne,tfonteynel9@com.com,Female,United States
767,Towny,Bauduccio,tbauducciola@columbia.edu,Male,United States
768,Janie,Atton,jattonlb@ehow.com,Female,South Korea
769,Jordan,Whiskerd,jwhiskerdlc@furl.net,Agender,Saudi Arabia
770,Doe,Flawith,dflawithld@mozilla.com,Female,United States
771,Roxanna,Cowlas,rcowlasle@netvibes.com,Female,United States
772,Delilah,Kettlestringes,dkettlestringeslf@cdc.gov,Genderqueer,United States
773,Emmalynn,Foord,efoordlg@dailymail.co.uk,Female,United States
774,Spence,Leyshon,sleyshonlh@geocities.jp,Male,United States
775,Ivory,Escott,iescottli@cnbc.com,Female,United States
776,Weylin,Izzat,wizzatlj@about.me,Male,United States
777,Liam,D'Alesco,ldalescolk@flickr.com,Agender,United States
778,Cristin,Hanfrey,chanfreyll@google.com,Female,United States
779,Brigitte,Litton,blittonlm@amazon.com,Female,United States
780,Joan,Machon,jmachonln@theguardian.com,Female,United States
781,Curry,Nawton,cnawtonlo@netlog.com,Male,United States
782,Antonin,Pettengell,apettengelllp@51.la,Male,United States
783,Christabel,Jerzykiewicz,cjerzykiewiczlq@tripadvisor.com,Female,Saudi Arabia
784,Kelby,Holyland,kholylandlr@census.gov,Non-binary,United States
785,Filip,Lyburn,flyburnls@businesswire.com,Male,United States
786,Renado,Lickess,rlickesslt@goo.ne.jp,Male,United States
787,Mariejeanne,Cartwight,mcartwightlu@devhub.com,Female,United Kingdom
788,Adelaide,Linnett,alinnettlv@wp.com,Female,United States
789,Eileen,MacGeffen,emacgeffenlw@dot.gov,Female,United States
790,Eldridge,Morsey,emorseylx@guardian.co.uk,Male,South Korea
791,Fina,Verbruggen,fverbruggenly@istockphoto.com,Female,United States
792,Margery,Rule,mrulelz@desdev.cn,Female,United States
793,Rodney,Nuccii,rnucciim0@tmall.com,Bigender,United States
794,Antonino,Somersett,asomersettm1@wikispaces.com,Male,Saudi Arabia
795,Urbano,Fernier,ufernierm2@wordpress.com,Genderfluid,United States
796,Shandeigh,Fearnall,sfearnallm3@parallels.com,Female,United States
797,Waylin,Diack,wdiackm4@wisc.edu,Male,United States
798,Marcia,Dullaghan,mdullaghanm5@sun.com,Female,United States
799,Sergei,Widdecombe,swiddecombem6@booking.com,Male,United States
800,Cris,Schachter,cschachterm7@theguardian.com,Female,United States
801,Codie,Dykes,cdykesm8@so-net.ne.jp,Male,United States
802,Linzy,Footitt,lfootittm9@prweb.com,Female,United States
803,Dorelia,Scoular,dscoularma@cnet.com,Female,United States
804,Shane,Dowding,sdowdingmb@tmall.com,Female,Saudi Arabia
805,Sada,Whittle,swhittlemc@netscape.com,Female,United States
806,Ella,Wasling,ewaslingmd@nasa.gov,Female,United Kingdom
807,Cristine,Hawkyens,chawkyensme@networksolutions.com,Genderqueer,United States
808,Noel,Mollitt,nmollittmf@discuz.net,Male,South Korea
809,Granny,Churcher,gchurchermg@reverbnation.com,Male,Italy
810,Hew,McGiffie,hmcgiffiemh@weather.com,Male,United States
811,Anestassia,Gleed,agleedmi@imgur.com,Female,United States
812,Bourke,Tong,btongmj@disqus.com,Male,United States
813,Verile,Tabbernor,vtabbernormk@imgur.com,Female,United States
814,Yvonne,Tranckle,ytranckleml@qq.com,Female,United Kingdom
815,Burton,Fox,bfoxmm@eepurl.com,Male,United States
816,Gwendolyn,McCullogh,gmcculloghmn@com.com,Female,United States
817,Allix,Chiswell,achiswellmo@fda.gov,Female,United States
818,Leighton,Garrish,lgarrishmp@archive.org,Male,United States
819,Finley,Carreck,fcarreckmq@shinystat.com,Male,United States
820,Wendel,Ducker,wduckermr@webmd.com,Male,United States
821,Lenora,Syversen,lsyversenms@hc360.com,Agender,Italy
822,Prudi,Waberer,pwaberermt@artisteer.com,Female,United States
823,Silvio,Apfelmann,sapfelmannmu@g.co,Male,United Kingdom
824,Regan,Dounbare,rdounbaremv@ycombinator.com,Female,United States
825,Dewey,Culkin,dculkinmw@house.gov,Male,South Korea
826,Alejandrina,Farlambe,afarlambemx@hc360.com,Female,United States
827,Hardy,Flockhart,hflockhartmy@dailymotion.com,Male,United States
828,Tanya,Van de Velde,tvandeveldemz@posterous.com,Female,Italy
829,Kassandra,Doag,kdoagn0@w3.org,Female,South Korea
830,Nora,Annies,nanniesn1@cmu.edu,Female,South Korea
831,Filide,Gartrell,fgartrelln2@nifty.com,Genderqueer,South Korea
832,Traci,Chataignier,tchataigniern3@g.co,Genderfluid,United States
833,Linette,Joincey,ljoinceyn4@comsenz.com,Female,United Kingdom
834,Ashton,Vouls,avoulsn5@un.org,Male,United States
835,Goldarina,Mattiessen,gmattiessenn6@yellowpages.com,Polygender,United States
836,Annissa,Farndon,afarndonn7@geocities.jp,Female,United States
837,Carmel,Albury,calburyn8@webeden.co.uk,Female,United States
838,Thor,Brewood,tbrewoodn9@sina.com.cn,Male,United States
839,Verene,Blackhall,vblackhallna@eventbrite.com,Female,Italy
840,Florencia,Bernolet,fbernoletnb@friendfeed.com,Genderqueer,United States
841,Ernesta,Whitbread,ewhitbreadnc@ask.com,Female,United States
842,Celle,Toombs,ctoombsnd@cnet.com,Bigender,United States
843,Konrad,Benedek,kbenedekne@feedburner.com,Male,South Korea
844,Drake,Akerman,dakermannf@furl.net,Male,United Kingdom
845,Pascale,Martugin,pmartuginng@weebly.com,Male,United Arab Emirates
846,Gilbertina,Stute,gstutenh@nifty.com,Female,South Korea
847,Morey,Olczak,molczakni@e-recht24.de,Male,United States
848,Tait,Kezor,tkezornj@umn.edu,Male,United States
849,Xenos,Hymus,xhymusnk@example.com,Male,United States
850,Laurel,Willstrop,lwillstropnl@ycombinator.com,Female,United States
851,Emylee,Everex,eeverexnm@desdev.cn,Female,United States
852,Orton,Starcks,ostarcksnn@samsung.com,Male,Italy
853,Garwood,Casbourne,gcasbourneno@arstechnica.com,Male,South Korea
854,Brok,Ruppele,bruppelenp@myspace.com,Male,United States
855,Norri,Zecchii,nzecchiinq@weather.com,Female,United States
856,Alexandr,Stairs,astairsnr@sbwire.com,Male,United States
857,Rahel,Esom,resomns@va.gov,Female,United States
858,Auberon,Sturgis,asturgisnt@trellian.com,Male,Saudi Arabia
859,Woodman,Drabble,wdrabblenu@bluehost.com,Male,United States
860,Olia,Gerrans,ogerransnv@com.com,Female,United States
861,Linda,Donovin,ldonovinnw@cisco.com,Female,United States
862,Pip,Palek,ppaleknx@answers.com,Male,United States
863,Tony,Gillbe,tgillbeny@domainmarket.com,Male,United States
864,Pamelina,Catterick,pcattericknz@live.com,Female,United States
865,Selma,Hedon,shedono0@patch.com,Female,United States
866,Ambrose,Ramalho,aramalhoo1@mediafire.com,Male,South Korea
867,Kin,Jone,kjoneo2@cnet.com,Male,United States
868,Tiler,Giocannoni,tgiocannonio3@behance.net,Male,United States
869,Audre,Camfield,acamfieldo4@yellowpages.com,Female,United States
870,Rowney,Henaughan,rhenaughano5@telegraph.co.uk,Male,United States
871,Oswald,Drakeley,odrakeleyo6@jimdo.com,Male,United Kingdom
872,Lucille,Bengtson,lbengtsono7@dedecms.com,Female,United States
873,Jamie,Dowe,jdoweo8@comcast.net,Female,United States
874,Sula,Boshere,sboshereo9@wordpress.org,Female,United Kingdom
875,Dita,Andrieu,dandrieuoa@ovh.net,Female,United States
876,Ertha,Stovold,estovoldob@gizmodo.com,Female,United States
877,Meredeth,Leonida,mleonidaoc@nationalgeographic.com,Male,United States
878,Tommi,Rivallant,trivallantod@un.org,Female,United Kingdom
879,Ches,Chstney,cchstneyoe@chicagotribune.com,Male,United States
880,Silvan,Leyland,sleylandof@rediff.com,Male,South Korea
881,Jordana,McCrea,jmccreaog@jimdo.com,Non-binary,South Korea
882,Judd,Yitzhakof,jyitzhakofoh@berkeley.edu,Bigender,United States
883,Augustus,Curtiss,acurtissoi@elpais.com,Male,United States
884,Bernhard,Cummine,bcummineoj@abc.net.au,Male,United States
885,Jim,Cardon,jcardonok@blinklist.com,Male,South Korea
886,Brenn,Kahane,bkahaneol@lulu.com,Female,United States
887,Jenifer,Forsdyke,jforsdykeom@whitehouse.gov,Female,Italy
888,Seward,Roebuck,sroebuckon@telegraph.co.uk,Male,United States
889,Cordy,Beasant,cbeasantoo@eventbrite.com,Female,United States
890,Brody,Pullman,bpullmanop@parallels.com,Male,Saudi Arabia
891,Giovanna,Olivera,goliveraoq@cloudflare.com,Female,United States
892,Junia,Duding,jdudingor@diigo.com,Female,United States
893,Katha,Yansons,kyansonsos@arstechnica.com,Female,United States
894,Monah,Woodyatt,mwoodyattot@census.gov,Female,United Kingdom
895,Tulley,McKimm,tmckimmou@house.gov,Male,United States
896,Joey,Josowitz,jjosowitzov@businessweek.com,Female,United States
897,Simona,Volk,svolkow@studiopress.com,Female,Italy
898,Flemming,Le Hucquet,flehucquetox@gmpg.org,Male,United Kingdom
899,Sal,Hardington,shardingtonoy@google.es,Male,United States
900,Ali,Daton,adatonoz@va.gov,Female,South Korea
901,Betsy,Molyneaux,bmolyneauxp0@slate.com,Female,United States
902,Mathilda,Coughan,mcoughanp1@house.gov,Female,United States
903,Redford,Innman,rinnmanp2@oakley.com,Male,United States
904,Alameda,Harme,aharmep3@github.com,Female,United States
905,Francis,Glascott,fglascottp4@dion.ne.jp,Male,South Korea
906,Dotti,Newing,dnewingp5@topsy.com,Female,United States
907,Lisetta,Ortiga,lortigap6@imdb.com,Female,United States
908,Mab,Fiddian,mfiddianp7@qq.com,Female,United States
909,Herta,Titford,htitfordp8@independent.co.uk,Female,United States
910,Olly,Mence,omencep9@blogger.com,Female,United States
911,Loria,Shurmer,lshurmerpa@typepad.com,Female,United States
912,Roderigo,Le Marquand,rlemarquandpb@bizjournals.com,Male,United States
913,Anastasie,Pucknell,apucknellpc@chronoengine.com,Female,United States
914,Jerrie,Binge,jbingepd@cargocollective.com,Male,Italy
915,Itch,Wharin,iwharinpe@youtube.com,Male,Saudi Arabia
916,Rebekkah,Shearmer,rshearmerpf@amazon.com,Female,United States
917,Lev,Kirdsch,lkirdschpg@amazon.co.uk,Male,United States
918,Goraud,Trump,gtrumpph@arizona.edu,Male,United Kingdom
919,Jessamine,Dickson,jdicksonpi@blogspot.com,Female,United States
920,Welch,Boyall,wboyallpj@google.co.uk,Male,United States
921,Pooh,Tremberth,ptremberthpk@hud.gov,Female,United States
922,Jesse,Santer,jsanterpl@google.pl,Male,Saudi Arabia
923,Alonso,Adel,aadelpm@mail.ru,Male,United States
924,Tedmund,Housby,thousbypn@cbsnews.com,Male,United States
925,Brnaba,Heminsley,bheminsleypo@godaddy.com,Male,United Arab Emirates
926,Tybie,Baselli,tbasellipp@360.cn,Female,United Kingdom
927,Chan,Measom,cmeasompq@mysql.com,Male,United States
928,Edy,Whales,ewhalespr@nbcnews.com,Female,United States
929,Egor,Jacobovitch,ejacobovitchps@kickstarter.com,Male,Italy
930,Tate,Grimster,tgrimsterpt@multiply.com,Female,Italy
931,Agna,McInteer,amcinteerpu@posterous.com,Female,United States
932,Marisa,Ponting,mpontingpv@usgs.gov,Female,United States
933,Skipper,Lettley,slettleypw@vistaprint.com,Male,United Kingdom
934,Osbourne,Soares,osoarespx@yelp.com,Male,United States
935,Sutherlan,Harbach,sharbachpy@twitter.com,Male,Saudi Arabia
936,Elliott,Guirau,eguiraupz@quantcast.com,Genderfluid,United States
937,Carrissa,MacGovern,cmacgovernq0@imageshack.us,Female,United States
938,Bret,Murdoch,bmurdochq1@umich.edu,Male,United States
939,Lenard,Hobden,lhobdenq2@angelfire.com,Male,United States
940,Karlan,Calderonello,kcalderonelloq3@stanford.edu,Male,United States
941,Wilhelmine,Greger,wgregerq4@deviantart.com,Female,United States
942,Lou,Pietsma,lpietsmaq5@cpanel.net,Genderfluid,South Korea
943,Norbie,Rougier,nrougierq6@people.com.cn,Male,United States
944,Tallie,Adam,tadamq7@shareasale.com,Female,United States
945,Sallee,Sangra,ssangraq8@reddit.com,Female,United States
946,Branden,Haton,bhatonq9@state.gov,Male,United States
947,Edward,Abrahmson,eabrahmsonqa@cpanel.net,Male,South Korea
948,Myra,McAndie,mmcandieqb@answers.com,Agender,South Korea
949,Isidoro,Elmore,ielmoreqc@purevolume.com,Male,South Korea
950,Timmy,Hailes,thailesqd@miibeian.gov.cn,Female,United States
951,Scarlet,Iorio,siorioqe@sourceforge.net,Female,United States
952,Jemima,Sodory,jsodoryqf@dmoz.org,Female,United States
953,Clerc,Gabbitis,cgabbitisqg@usnews.com,Male,United States
954,Darci,Pentland,dpentlandqh@usnews.com,Female,United States
955,Chic,Bottrill,cbottrillqi@amazon.co.uk,Male,United States
956,Doroteya,Vasyutochkin,dvasyutochkinqj@w3.org,Polygender,United States
957,Galina,Estrella,gestrellaqk@fotki.com,Female,United States
958,Bran,Bearfoot,bbearfootql@msu.edu,Male,South Korea
959,Lonnie,Anwell,lanwellqm@jiathis.com,Male,United States
960,Art,Corrett,acorrettqn@issuu.com,Male,United States
961,Harvey,Kellen,hkellenqo@webs.com,Male,United States
962,Leyla,Klampt,lklamptqp@google.co.uk,Female,United States
963,Chalmers,Harrow,charrowqq@t.co,Male,Italy
964,Martynne,Giovanetti,mgiovanettiqr@foxnews.com,Genderqueer,United States
965,Jessika,Dumsday,jdumsdayqs@t.co,Female,South Korea
966,Fraser,Soloway,fsolowayqt@domainmarket.com,Male,Italy
967,Jerrie,Miguet,jmiguetqu@engadget.com,Male,United States
968,Joey,Vasenkov,jvasenkovqv@sfgate.com,Female,United States
969,Alisha,Gussie,agussieqw@pinterest.com,Female,Saudi Arabia
970,Petunia,Nehls,pnehlsqx@ow.ly,Female,United Kingdom
971,Constantino,Babbs,cbabbsqy@webmd.com,Male,United Kingdom
972,Jim,Pordall,jpordallqz@ucla.edu,Male,United States
973,Cherye,Bolland,cbollandr0@uiuc.edu,Female,United States
974,Niels,Ryland,nrylandr1@flavors.me,Male,United Kingdom
975,Dennie,Loverock,dloverockr2@youtube.com,Male,United States
976,Arleta,Howler,ahowlerr3@ca.gov,Female,United States
977,Obediah,Goodswen,ogoodswenr4@usda.gov,Male,United States
978,Wit,Peel,wpeelr5@cocolog-nifty.com,Male,United States
979,Gavin,Wyldish,gwyldishr6@indiegogo.com,Bigender,United States
980,Obadiah,Vazquez,ovazquezr7@vk.com,Non-binary,United States
981,Jacky,Buckenham,jbuckenhamr8@thetimes.co.uk,Male,United States
982,Maureene,BURWIN,mburwinr9@github.com,Agender,South Korea
983,Leandra,Searchfield,lsearchfieldra@blogs.com,Female,United States
984,Thebault,Casbourne,tcasbournerb@walmart.com,Male,United States
985,Reid,Gooddy,rgooddyrc@craigslist.org,Male,United States
986,Mord,Beniesh,mbenieshrd@bluehost.com,Male,United States
987,Andeee,Barfford,abarffordre@stumbleupon.com,Female,United States
988,Vin,Weaving,vweavingrf@dropbox.com,Female,United States
989,Farra,Linde,flinderg@unblog.fr,Female,United States
990,Lem,Tallboy,ltallboyrh@joomla.org,Male,United States
991,Gustave,Probbing,gprobbingri@gravatar.com,Bigender,United States
992,Fredericka,Trowsdall,ftrowsdallrj@stanford.edu,Female,United States
993,Jakob,Fermor,jfermorrk@ucla.edu,Non-binary,United States
994,Tiler,Trippitt,ttrippittrl@alibaba.com,Bigender,United States
995,Tabor,Gready,tgreadyrm@freewebs.com,Male,United States
996,Christi,Drewet,cdrewetrn@archive.org,Female,United States
997,Willi,Pickle,wpicklero@ucsd.edu,Female,United States
998,Courtnay,Abrahmer,cabrahmerrp@1und1.de,Genderfluid,United States
999,Clayton,Silcocks,csilcocksrq@i2i.jp,Male,United States
1000,Ronny,Wandrich,rwandrichrr@earthlink.net,Female,South Korea
